country,1990,1991,1992,1993,1994,1995,1996,1997,1998,1999,2000,2001,2002,2003,2004,2005,2006,2007,2008,2009,2010,2011,2012,2013,2014,2015,2016
Afghanistan,486,521,569,626,686,741,771,792,810,829,856,889,925,965,1010,1050,1080,1110,1130,1160,1190,1230,1280,1330,1380,1440,1510
Albania,456,462,460,459,464,478,492,514,539,561,586,599,616,629,639,649,659,667,683,697,702,707,716,729,745,764,779
Algeria,1060,1150,1120,1120,1130,1150,1080,1020,978,957,952,911,936,961,999,1070,1060,1070,1090,1100,1130,1160,1210,1250,1300,1360,1420
Andorra,14.5,15.6,16.5,17,17.1,16.8,16.8,17,17.3,17.5,17.7,17.9,18.2,19.4,21.2,22.5,23.2,24.1,24.7,25.3,25.7,26.4,27.2,27.8,28.5,29.2,29.7
Angola,277,277,278,281,284,289,289,287,286,286,287,288,289,294,298,302,311,320,331,342,354,368,385,401,419,438,457
Antigua and Barbuda,3.36,3.33,3.39,3.4,3.4,3.49,3.5,3.44,3.43,3.52,3.68,3.66,3.61,3.69,3.7,3.73,3.82,3.77,3.85,3.94,4.01,4.07,4.11,4.12,4.35,4.4,4.51
Argentina,6980,7020,7050,7050,7120,7220,7260,7230,7230,7200,7150,7090,7110,7130,7080,7030,7040,7110,7120,7100,7040,7060,7080,7090,7110,7260,7400
Armenia,760,807,852,879,888,855,842,826,822,841,834,845,845,856,879,923,965,951,979,977,952,943,922,894,909,938,933
Australia,5130,5150,5210,5240,5330,5350,5430,5440,5460,5490,5540,5620,5700,5760,5880,5920,5980,6040,6260,6450,6680,6840,7000,7250,7500,7800,8080
Austria,2640,2650,2670,2700,2690,2710,2720,2710,2720,2710,2700,2680,2720,2740,2750,2790,2820,2860,2910,2970,2990,3040,3100,3140,3160,3190,3230
Azerbaijan,885,889,931,915,918,858,830,813,801,804,800,803,818,848,859,873,908,941,1010,1050,1110,1140,1180,1230,1280,1340,1380
Bahamas,18.4,18.4,18.3,18.2,19,21,21.4,22.1,22.8,22.4,22.5,23,24.2,25.5,25.1,26.3,25.9,26.3,26.8,27.7,28.2,29.4,30,31.6,32.9,34.1,35.8
Bahrain,38.8,38.3,38.1,37.7,37.7,38.1,38.8,39.7,40.5,39.7,40.1,41.2,42,42.2,43.6,45.3,46.5,48.2,50.2,51.9,53.5,55,55.8,56.3,57.4,58.9,62.3
Bangladesh,6600,6550,6680,6780,6890,7100,7240,7320,7480,7630,8070,8170,8430,8710,9450,10300,10900,11600,12000,12600,13400,14400,15700,17100,18900,20300,21400
Barbados,18.3,18.8,19.7,20.1,20.6,20.8,20.6,20.6,20.4,20.2,20.4,20.1,19.4,19.6,19.6,20.1,20.3,20.2,20.3,20.6,20.8,21.1,21.6,22.2,22.9,23.7,24.4
Belarus,3420,3620,3830,4090,4160,4240,4170,4120,4040,3970,3810,3780,3710,3580,3520,3460,3320,3160,3140,3120,3130,3110,2920,2820,2770,2820,2880
Belgium,6350,6370,6380,6440,6380,6320,6120,5920,5920,5820,5820,5920,5950,5800,5790,5770,5730,5790,5870,5930,5970,6050,6170,6200,6160,6290,6400
Belize,6.99,7.4,8.03,8.91,9.7,10.8,11.3,12,12.7,13.3,13.9,14.6,14.7,14.8,14.8,15.2,15.6,15.8,16.4,17.2,17.6,18.1,18.8,19.6,20.6,21.5,22.4
Benin,87.8,90.2,91.9,94.2,97.8,101,105,106,109,113,119,124,129,135,141,147,153,160,167,174,182,189,196,204,211,219,226
Bhutan,9.87,9.85,9.74,9.55,9.37,9.21,8.98,9.08,9.24,9.15,9.48,9.78,10.2,10.8,11.3,11.9,12.3,12.8,13.3,14,14.6,15.3,16.1,16.9,17.8,18.7,19.6
Bolivia,251,253,257,260,264,270,267,270,272,273,274,283,295,307,319,333,340,347,356,366,377,391,405,421,436,453,469
Bosnia and Herzegovina,1360,1380,1380,1370,1360,1360,1360,1370,1400,1420,1450,1470,1500,1540,1560,1590,1620,1650,1670,1690,1720,1740,1750,1780,1820,1830,1850
Botswana,67.5,71.2,75.8,80.8,87,94.2,100,106,113,120,127,128,128,127,125,122,124,125,126,128,130,131,133,136,137,140,144
Brazil,9190,9480,9830,10100,10500,10900,11200,11600,12000,12400,12700,13000,13200,13700,14000,14300,14500,14700,14800,15000,15200,15400,15700,16100,16500,17000,17400
Brunei,16.1,16.6,17.1,17.5,17.9,18.4,18.5,18.3,18.4,18.4,18.9,20.1,21.4,22.9,24.8,27.3,29.3,31.6,33.7,35.6,37.8,40.9,43.8,46.8,50.4,54.1,57.8
Bulgaria,2680,2680,2770,2830,2890,2900,2870,2850,2810,2740,2730,2750,2790,2880,2960,3080,3130,3140,3140,3120,3120,3090,3050,3020,2960,2930,2910
Burkina Faso,103,104,105,107,108,110,110,112,114,116,119,118,119,119,120,122,125,129,133,138,143,148,153,158,164,171,177
Burundi,107,108,109,111,112,115,111,106,103,97.8,95.7,90.3,87.9,86.6,86.7,87.3,88.2,89.7,91.2,93.2,96.5,101,105,110,115,121,127
Cambodia,559,575,595,619,642,670,685,703,722,732,746,768,791,815,841,866,883,911,941,977,1010,1040,1070,1100,1140,1180,1230
Cameroon,276,283,291,300,306,314,322,334,345,360,379,390,400,413,426,441,449,462,469,477,487,498,508,520,532,546,560
Canada,10000,10100,10200,10400,10400,10600,10600,10500,10600,10700,10800,10900,11000,11200,11500,11700,11900,11700,11700,11800,11900,12100,12300,12600,13000,13500,13900
Cape Verde,13.6,14.1,14.6,15.3,16,16.7,17.2,17.7,18.4,19.3,20.3,21.1,22.1,23.2,24.4,25.5,26.1,26.6,27.2,27.9,28.6,28.1,27.4,27,26.6,26.4,26.4
Central African Republic,122,126,129,132,137,141,145,149,152,156,160,162,164,166,169,171,173,175,176,178,182,185,188,192,195,199,204
Chad,92.6,94.9,97.2,99.9,104,106,112,117,123,131,138,142,146,151,157,161,166,172,180,187,195,202,209,215,223,232,240
Chile,1190,1170,1140,1160,1200,1270,1280,1250,1250,1250,1270,1300,1330,1360,1410,1440,1470,1490,1520,1580,1650,1680,1710,1770,1790,1830,1890
China,177000,180000,185000,193000,201000,208000,218000,228000,239000,251000,264000,280000,298000,309000,326000,348000,356000,369000,386000,407000,431000,442000,457000,474000,495000,508000,519000
Colombia,1600,1700,1770,1810,1830,1870,1930,1920,1920,2020,2080,2140,2230,2200,2310,2330,2420,2400,2460,2540,2530,2500,2540,2590,2610,2660,2710
Comoros,5.08,5.19,5.31,5.43,5.56,5.71,5.72,5.76,5.72,5.59,5.58,5.55,5.6,5.59,5.7,5.81,5.98,6.14,6.33,6.52,6.71,7.03,7.32,7.63,7.97,8.34,8.75
"Congo, Dem. Rep.",590,610,633,649,678,705,738,748,767,785,811,814,809,832,830,837,861,890,932,967,1010,1060,1120,1170,1230,1290,1350
"Congo, Rep.",102,101,103,106,107,111,110,109,109,106,102,96.2,90.3,87.8,84.9,82.2,81.9,82.8,83.8,84.5,84.7,87,89.5,92.3,95.4,98.8,102
Costa Rica,134,136,140,145,149,152,158,157,158,165,167,170,171,175,176,180,180,182,185,189,196,205,213,219,225,235,244
Cote d'Ivoire,183,194,209,225,242,262,267,269,275,279,285,287,287,287,291,290,295,298,302,307,314,320,327,333,339,346,352
Croatia,2300,2320,2320,2320,2320,2340,2390,2460,2510,2530,2580,2550,2520,2500,2500,2510,2520,2510,2520,2510,2480,2470,2450,2420,2390,2370,2380
Cuba,2240,2270,2290,2290,2320,2360,2380,2400,2430,2460,2520,2560,2650,2730,2800,2870,2930,3000,3040,3080,3110,3170,3250,3330,3430,3560,3680
Cyprus,93.7,97.1,97.7,101,105,107,108,110,112,117,125,136,147,158,174,188,195,213,230,251,268,275,279,283,283,282,283
Czech Republic,5170,5140,5070,5030,4960,4940,4900,4840,4800,4770,4740,4700,4720,4720,4720,4690,4690,4700,4720,4760,4770,4720,4680,4600,4470,4380,4420
Denmark,2260,2230,2230,2240,2260,2270,2230,2200,2180,2210,2220,2250,2270,2290,2310,2330,2340,2340,2350,2350,2370,2400,2450,2460,2440,2440,2440
Djibouti,6.74,6.95,7.12,7.28,7.43,7.6,7.84,8.11,8.38,8.64,8.93,9.19,9.49,9.85,10.2,10.7,11.1,11.5,11.9,12.4,12.9,13.4,13.9,14.5,15,15.5,16.1
Dominica,5.38,5.58,5.84,5.97,6.06,6.17,6.04,6,5.95,5.97,5.94,6.04,6.12,6.17,6.11,6.3,6.39,6.51,6.65,6.87,7.07,7.17,7.29,7.55,7.89,8.02,8.55
Dominican Republic,253,265,278,292,309,325,339,352,363,375,381,383,386,390,396,405,414,421,430,441,453,465,471,487,501,518,536
Ecuador,278,287,300,311,319,336,344,353,363,370,385,401,418,428,442,458,466,477,485,496,509,515,518,519,530,545,561
Egypt,1260,1290,1310,1370,1430,1480,1530,1590,1630,1680,1730,1820,1900,1990,2060,2140,2230,2320,2440,2580,2690,2780,2840,2890,2940,3020,3100
El Salvador,112,115,118,121,124,126,131,133,136,141,148,154,159,162,164,167,170,175,180,182,186,191,199,208,211,213,217
Equatorial Guinea,14.8,14.7,14.6,14.6,14.7,14.8,15.1,15,15.2,15.4,15.8,15.8,15.7,16.1,16.4,16.9,17.4,18,18.6,19.4,20.2,21,21.8,22.7,23.9,25.2,26.4
Eritrea,35.3,33.7,31.4,29.4,28.2,27.2,27.6,28.1,28.8,29.5,30.4,32,33.8,35.8,37.9,40.2,41.7,43.1,44.5,45.9,47.3,49,50.7,52.5,54.3,56.2,58.3
Estonia,633,663,664,704,729,706,619,614,632,596,583,604,597,576,572,559,567,580,536,511,475,471,477,433,455,442,436
Eswatini,40.9,41.9,41.9,41.5,43.2,45.6,51.2,53.9,59.6,64.4,71.5,75,76.9,79.1,80,80.6,81.9,82.7,83.8,84.9,85.7,85.3,85.1,85,84.5,83.3,83.2
Ethiopia,1080,1050,1030,1010,992,987,957,943,925,912,909,917,919,931,946,964,998,1030,1060,1100,1140,1180,1220,1270,1340,1400,1480
Fiji,16.4,16.7,17,17.6,18.1,18.7,19,19.4,19.7,20.1,20.4,20.9,21.2,22.3,23.6,24.6,25.3,25.9,26.1,26.9,27.5,28.2,28.8,29.6,30.3,31,31.9
Finland,1810,1780,1760,1710,1680,1690,1700,1680,1670,1650,1630,1630,1640,1640,1650,1660,1680,1690,1690,1700,1710,1710,1730,1750,1750,1740,1740
France,19800,20100,20500,21000,21300,21600,21900,21700,22300,22700,23100,23400,23700,24000,24200,24400,24900,25500,26000,26400,26800,27200,27600,27700,27400,27500,27700
Gabon,47.8,46.7,47.1,47.4,47.9,49.3,47.1,44.8,42.9,41.4,41.2,40.1,38.3,37.7,37.3,36.9,36.6,36.5,37,37.1,36.8,37.7,38.7,39.9,41,42.1,43.4
Gambia,12.3,12.7,13,13.4,13.8,14.3,14.8,15.3,15.7,16.3,17.1,17.5,18.1,18.4,18.8,19.5,20,20.6,21,21.6,22.2,22.7,23.2,23.8,24.3,25,25.6
Georgia,1080,1060,998,929,837,749,718,725,720,726,731,735,750,787,813,822,828,830,890,944,993,1040,1080,1060,1060,1030,1020
Germany,36000,36200,36600,36700,36700,36900,36900,36700,36500,36400,36100,35600,35500,35500,35500,35700,35900,36200,36500,36800,37100,37700,38400,39100,39600,40300,41100
Ghana,201,207,213,217,223,229,234,246,251,261,270,279,288,297,305,313,320,326,336,345,355,364,374,383,393,403,413
Greece,4540,4670,4780,4880,4960,5050,5150,5240,5340,5450,5520,5550,5580,5700,5820,5920,5930,5960,6050,6080,6070,6120,6130,6060,6010,5990,5990
Grenada,5.84,5.71,5.82,5.85,5.87,5.87,5.89,6.03,6.1,6.16,6.26,6.44,6.52,6.75,6.87,7.13,7.25,7.14,7.17,7.24,7.24,7.31,7.45,7.65,7.99,8.16,8.31
Guatemala,158,169,175,182,195,200,209,231,237,252,259,263,269,278,287,295,294,296,296,295,297,300,306,310,320,335,348
Guinea,132,141,152,164,178,191,201,210,220,230,238,241,246,249,252,256,264,273,283,295,308,315,323,332,340,350,359
Guinea-Bissau,26.6,26.7,26.8,27,27.1,27.3,27.4,27.5,27.9,28.7,29.2,29.9,30.6,31.4,32.9,33.7,34.6,35.7,36.9,38.4,39.9,41.4,42.6,44,45.4,46.9,48.3
Guyana,18.2,17.8,17.9,18.2,18.2,18,18.4,19.1,19.8,20,20.3,19.8,19.6,20.4,20.6,21.6,21.5,21.3,21.5,22.3,22.7,22.6,22.7,23.5,24.1,24.7,24.8
Haiti,413,412,411,413,409,413,409,409,409,409,410,411,412,417,421,428,437,446,456,467,481,494,507,522,536,552,570
Honduras,92.8,98.2,103,108,113,119,123,127,132,136,141,147,153,160,166,174,178,182,187,192,198,204,211,218,226,235,244
Hungary,5340,5540,5710,5840,5890,5940,6000,6010,6000,5970,5980,5990,6000,6080,6130,6130,6150,6180,6150,6090,5980,5820,5700,5530,5440,5380,5310
Iceland,53,54.2,53.5,54.7,56,57.6,59.3,60.8,60.6,61.1,62.4,63.6,64.1,65,66.1,68.3,70,71.6,70.9,71.8,74.5,76.7,78.6,81.5,83.1,84.6,89
India,23600,24200,24700,25200,25700,26200,26800,27500,28000,28500,29000,29700,30600,31400,32300,33700,34500,35500,36400,37900,39400,41000,42600,44200,45500,47100,48700
Indonesia,6860,7060,7320,7520,7750,7930,8050,8210,8400,8040,7860,7800,7900,8010,8190,8450,8740,8750,8820,8940,9130,9390,9360,9310,9230,9550,9850
Iran,1760,1830,1900,1960,2030,2110,2180,2210,2300,2360,2480,2590,2690,2780,2890,3010,3170,3360,3550,3760,3980,4120,4290,4460,4610,4750,5000
Iraq,561,581,603,627,653,680,708,748,766,802,856,870,927,966,1000,1040,1080,1110,1180,1190,1240,1250,1270,1290,1330,1360,1410
Ireland,999,1020,1030,1040,1030,1030,1030,1030,1050,1050,1070,1060,1070,1070,1080,1090,1100,1120,1140,1170,1160,1180,1180,1200,1210,1250,1290
Israel,710,748,793,841,882,920,932,955,984,1010,1030,1060,1080,1100,1120,1150,1180,1200,1210,1220,1260,1270,1280,1310,1340,1360,1390
Italy,27500,27900,28100,28700,29100,29200,29500,29400,29800,30000,30000,29500,29500,30100,29200,29200,29800,30000,30300,30800,30900,30900,30800,30400,30700,31000,31500
Jamaica,209,215,225,236,249,264,276,289,301,310,317,315,311,309,300,292,307,317,327,338,342,349,360,370,382,393,405
Japan,35000,36900,38800,40400,41900,43700,45100,46500,47900,49600,51300,53100,54900,56700,59100,61600,63700,66200,68500,69900,71800,73100,74100,74700,74200,74900,75700
Jordan,121,124,130,138,147,155,158,160,162,166,170,176,184,198,218,235,254,272,296,319,342,357,369,381,394,409,424
Kazakhstan,4200,4220,4300,4380,4420,4450,4280,4030,3790,3570,3390,3310,3270,3270,3300,3320,3270,3180,3000,2870,2780,2760,2750,2680,2580,2550,2660
Kenya,169,176,185,193,201,209,218,226,237,242,254,252,256,262,267,272,278,285,296,307,318,330,344,356,371,387,403
Kiribati,3.38,3.41,3.44,3.5,3.5,3.53,3.54,3.55,3.58,3.62,3.67,3.75,3.88,4.03,4.17,4.31,4.47,4.61,4.72,4.82,4.95,5.09,5.25,5.42,5.59,5.76,5.95
Kuwait,54.9,50.1,46.8,47.1,46.6,49.9,51.2,52.6,52.3,51.8,52.8,51.9,52.7,55.7,59.2,62,65.2,66.7,67.4,67.5,69.6,70.4,74.5,77,81.2,84.7,90.8
Kyrgyz Republic,544,540,539,530,526,511,473,438,408,387,363,358,365,365,362,364,368,363,354,353,351,353,357,360,360,358,366
Lao,307,313,318,324,332,339,345,351,358,361,365,372,376,382,389,397,402,408,415,422,431,440,453,467,479,493,509
Latvia,1020,1050,1090,1180,1240,1140,986,938,973,931,909,963,968,950,975,1040,1070,1070,1030,988,972,943,945,920,893,881,877
Lebanon,471,440,421,408,391,375,367,359,346,372,400,438,482,529,584,632,669,693,710,732,768,806,851,907,959,1000,1060
Lesotho,101,103,106,108,113,115,119,125,131,137,144,151,161,170,181,189,194,196,197,197,197,197,198,198,198,196,197
Liberia,28.4,27,25.6,24.5,24,23.8,24.9,26.1,27.9,29.8,32,33.5,35.2,36.2,37.1,38.5,40.8,43.5,46,48.9,52,54.4,56.2,58.4,60.2,62.1,64.2
Libya,274,280,287,295,303,312,323,339,354,370,386,403,422,442,464,486,507,530,553,578,602,622,640,658,679,704,730
Lithuania,1280,1370,1370,1510,1550,1510,1390,1300,1290,1260,1220,1290,1280,1280,1280,1360,1380,1420,1350,1240,1250,1220,1210,1210,1160,1150,1150
Luxembourg,203,202,206,206,205,209,210,212,208,205,205,204,205,206,203,204,205,206,203,207,209,211,210,213,227,227,228
Madagascar,154,154,155,158,158,159,161,163,165,165,167,169,172,177,181,185,188,191,196,203,210,218,226,235,245,256,267
Malawi,89.8,93.2,97.8,102,108,114,119,124,131,135,138,138,139,141,144,146,151,157,162,167,171,175,179,184,189,196,202
Malaysia,1400,1450,1500,1550,1600,1670,1690,1730,1780,1830,1900,1970,2050,2130,2220,2320,2370,2430,2490,2570,2660,2780,2910,3040,3160,3290,3420
Maldives,10.6,10.8,11.1,11.4,11.7,12.1,12.1,12,11.9,12,12.1,12.1,12.1,11.9,11.8,11.8,11.9,11.9,12.1,12.5,13,13.6,14.1,14.6,15.3,16.2,17.2
Mali,142,138,137,136,135,135,132,129,126,124,125,125,127,128,130,133,135,139,143,147,152,155,159,162,166,170,174
Malta,89.5,90.6,92.8,93.8,96.8,99.1,99.6,102,107,115,122,125,126,123,122,123,129,136,142,146,153,154,159,161,166,171,177
Marshall Islands,2,2.07,2.14,2.2,2.24,2.3,2.34,2.41,2.48,2.56,2.63,2.74,2.87,3.02,3.17,3.33,3.48,3.58,3.68,3.79,3.9,4.01,4.13,4.25,4.37,4.49,4.73
Mauritania,47.2,46.9,47.1,47.2,47.8,47.9,46.8,45.6,44.8,44,44.1,44,43.6,43.6,44,44.3,45.4,46.7,48.4,50.2,52,54.7,57.8,61.1,64.5,68.2,72.1
Mauritius,68.2,70.4,71.7,71.5,73.4,76.6,77,76,77.5,77,78.8,84.7,85.5,88.9,89.4,89.6,92,94.7,99.4,101,102,102,104,109,113,115,118
Mexico,3710,3800,3940,4090,4190,4300,4320,4430,4520,4520,4500,4520,4640,4730,4730,4860,4770,4700,4850,4880,4910,4900,4940,5100,5170,5250,5450
"Micronesia, Fed. Sts.",5.08,5.24,5.42,5.62,5.78,5.97,6.04,6.14,6.16,6.25,6.31,6.31,6.37,6.4,6.49,6.61,6.69,6.84,6.97,7.07,7.26,7.28,7.25,7.29,7.4,7.69,7.81
Moldova,1050,1050,990,979,1100,1090,988,815,745,726,710,703,704,722,734,798,792,797,804,815,866,773,786,752,782,802,791
Mongolia,249,256,263,272,283,295,290,283,275,267,260,261,266,269,271,274,277,279,283,291,301,310,318,326,335,351,368
Montenegro,205,210,216,223,230,237,241,245,254,264,268,268,268,271,273,276,275,271,267,265,265,267,269,272,275,277,281
Morocco,2070,2080,2090,2120,2110,2120,2130,2140,2160,2180,2200,2250,2290,2360,2430,2510,2580,2650,2730,2810,2910,3000,3090,3190,3290,3400,3500
Mozambique,130,132,136,143,147,153,161,170,179,189,203,209,217,225,235,246,258,271,281,293,307,314,322,329,336,345,353
Myanmar,5280,5350,5410,5470,5520,5580,5620,5700,5770,5850,5930,6040,6170,6270,6400,6520,6610,6710,6840,7000,7190,7370,7590,7820,8070,8350,8640
Namibia,17.9,18.4,19,19.5,20.4,21.5,23,24.2,25.8,27.8,29.9,29.6,29.4,30.3,30.6,30.5,30.1,29.5,28.9,27.9,27.8,27.9,28,28.5,29,29.7,30.4
Nepal,480,489,493,512,522,534,541,554,564,558,567,582,601,621,641,662,678,693,709,727,748,760,775,798,819,843,867
Netherlands,8130,8210,8240,8260,8160,8120,8130,8050,7920,7940,7920,8020,8070,8070,8080,7970,8030,8100,8150,8260,8360,8490,8680,8830,8850,8910,9110
New Zealand,967,987,1000,1000,1020,1010,1010,995,986,983,984,999,1010,1020,1030,1020,1010,1010,1030,1040,1050,1070,1110,1150,1200,1260,1300
Nicaragua,59,60.7,63.7,66.9,70.5,73.8,76.5,79.4,82.8,84.6,86.6,88.2,91.4,94.7,98.5,102,104,106,109,113,118,122,128,133,138,143,149
Niger,116,113,114,115,116,119,120,123,127,133,139,146,152,161,168,178,188,198,209,222,236,245,255,265,275,286,297
Nigeria,1570,1580,1600,1620,1610,1620,1650,1670,1700,1710,1750,1760,1800,1810,1830,1850,1860,1880,1890,1910,1930,1960,1990,2030,2070,2120,2190
North Korea,4700,4870,5050,5250,5450,5690,5860,6030,6200,6360,6520,6740,6940,7150,7370,7590,7690,7780,7870,7970,8070,8220,8390,8540,8670,8820,9000
North Macedonia,455,455,463,471,481,491,507,525,546,566,587,606,625,646,668,694,714,735,754,773,788,791,796,800,797,793,790
Norway,1210,1240,1260,1290,1290,1290,1300,1320,1340,1370,1390,1440,1470,1450,1450,1460,1480,1520,1530,1560,1610,1650,1680,1690,1670,1680,1690
Oman,20.8,22.4,24.6,27.2,30.1,33.3,33.2,32.6,31.8,31.2,30.6,31.9,33.6,35.5,37.4,39.7,41.8,43.7,47.9,54.6,63.9,71.1,81.2,94.7,110,127,147
Pakistan,5920,6190,6490,6860,7280,7730,8140,8820,9400,10000,10700,10900,11200,11400,11600,11800,11900,12000,12100,12300,12400,12700,13000,13400,13700,14200,14600
Palestine,71.3,74.2,77.3,81,85.2,90.2,95,100,110,120,127,133,139,151,162,171,180,187,199,211,226,243,258,277,299,315,332
Panama,147,151,156,162,168,172,171,167,168,167,165,168,173,178,180,184,188,193,199,199,202,208,213,217,224,233,241
Papua New Guinea,215,222,229,235,241,249,254,261,269,276,285,293,303,314,324,336,346,356,364,374,385,397,409,422,434,447,462
Paraguay,155,162,170,181,191,205,220,242,260,284,305,323,341,360,377,398,411,424,439,456,472,487,503,524,541,554,569
Peru,928,964,1010,1060,1100,1140,1110,1080,1020,951,965,955,947,947,947,952,963,989,1020,1050,1080,1110,1120,1130,1140,1160,1180
Philippines,3560,3780,4060,4310,4620,4940,5170,5380,5650,5930,6190,6410,6620,6800,6980,7120,7160,7260,7340,7440,7570,7700,7820,8060,8290,8540,8800
Poland,15100,15600,15500,15200,15400,15900,15700,15900,16000,16800,16500,16500,16500,16600,16800,16900,17000,17100,17000,17000,16900,16800,17000,16900,16400,16200,16200
Portugal,2080,2140,2200,2320,2390,2480,2550,2580,2630,2660,2700,2750,2820,2890,2930,3020,3060,3070,3080,3110,3150,3140,3130,3120,3060,3030,3020
Qatar,13.1,14.2,15,15.8,16.7,17.8,17.4,17.4,17.5,17.8,18.4,17.7,19,20.4,22.8,26.7,28.4,31.6,37.4,42.6,49.3,52.9,56,58.9,61.2,62.9,68.1
Romania,5830,5910,6350,6570,6850,7180,7260,7270,7030,6770,6830,7120,7260,7320,7300,7350,7410,7580,8040,8230,8360,7910,8010,8000,8210,8110,8060
Russia,53600,53600,57400,65400,68500,63900,57200,51900,49500,51400,52400,51400,51300,50600,49600,49700,46700,45700,46000,44000,44100,43000,41600,41500,41800,42500,43100
Rwanda,92.3,95.8,99.2,102,106,114,116,120,123,120,115,103,94.3,85.6,79.6,76.2,78.3,81.5,84.6,87.5,90.6,93.6,97,101,106,113,120
Samoa,4.36,4.38,4.39,4.42,4.45,4.46,4.46,4.44,4.43,4.43,4.43,4.44,4.47,4.5,4.54,4.59,4.58,4.58,4.59,4.62,4.67,4.71,4.76,4.82,4.89,4.96,5.04
Sao Tome and Principe,5.53,5.55,5.6,5.67,5.64,5.74,5.94,6.1,6.32,6.4,6.49,6.65,6.78,6.93,7.08,7.23,7.27,7.2,7.21,7.28,7.25,7.34,7.64,7.68,7.82,8.04,8.31
Saudi Arabia,222,233,245,257,269,284,298,313,331,348,364,382,406,432,462,497,520,546,572,602,643,652,672,693,724,768,817
Senegal,170,170,172,174,177,177,175,175,174,178,179,182,184,187,191,194,202,209,217,225,235,244,254,265,277,291,305
Serbia,3260,3330,3430,3540,3660,3780,3850,3890,3900,3950,4030,4090,4170,4240,4300,4360,4390,4400,4450,4500,4570,4510,4470,4400,4370,4270,4170
Seychelles,5.58,5.9,6.25,6.62,7.01,7.44,7.56,7.61,7.7,7.75,7.87,8,8.13,8.3,8.47,8.69,8.6,8.57,8.61,8.7,8.8,8.71,8.67,8.72,8.85,9,9.18
Sierra Leone,85.1,84,81.9,79.4,76.6,75.2,73.8,74.8,73.7,74.5,75.8,79.7,85.2,90.6,95,100,104,107,109,111,113,116,119,121,124,127,130
Singapore,546,547,549,552,573,597,607,623,646,657,667,668,676,694,714,738,766,757,782,830,859,908,950,986,1020,1040,1080
Slovak Republic,2260,2220,2180,2140,2110,2090,2030,2020,2000,1970,1960,1920,1910,1900,1900,1930,1950,2000,2040,2070,2080,2120,2150,2160,2170,2210,2250
Slovenia,735,751,772,799,800,814,813,829,842,848,852,860,869,901,911,918,926,917,903,883,877,857,855,844,819,838,824
Solomon Islands,16.6,17,17.4,17.8,18.3,18.9,19.4,20,20.7,21.3,22.1,23,23.9,24.9,25.9,27,27.9,28.9,29.8,30.8,31.7,32.5,33.3,34.1,35,36.1,37.1
Somalia,80.1,79.5,78.7,77.8,77.3,77.2,78.1,79.5,81.3,82.6,84.1,85,86.3,87.6,89,90.5,92.3,94,95.8,97.9,100,102,105,107,110,113,116
South Africa,3320,3370,3450,3470,3580,3700,3800,3980,4020,4160,4350,4100,4000,3950,3920,3870,3950,4000,4050,4150,4260,4310,4360,4420,4540,4670,4820
South Korea,5030,5420,5860,6350,6920,7620,8150,8710,9290,9880,10500,10900,11400,11800,12300,12800,13200,13600,14100,14700,15300,15900,16600,17400,18300,19300,20500
South Sudan,62.7,62.4,61.5,60.7,60.2,60.5,61.7,64,66.9,69.7,72.5,74.9,77.5,80.5,83.8,87.5,91.2,95.2,100,105,111,116,122,128,134,141,146
Spain,14600,15100,15700,16200,16600,17000,17100,17300,17500,17800,18000,18300,18600,19000,19300,19700,20000,20400,20600,20800,20900,21000,21000,20800,20600,20500,20500
Sri Lanka,464,475,489,510,527,549,562,579,603,636,668,698,729,764,800,837,872,894,915,941,955,943,941,943,948,956,963
St. Lucia,7.52,7.59,7.64,7.63,7.61,7.69,7.73,7.75,7.9,8.19,8.34,8.54,8.68,9.14,9.43,9.75,9.8,9.83,9.94,10,10.2,10.3,10.7,11.1,11.7,12.1,12.5
St. Vincent and the Grenadines,4.16,4.22,4.31,4.42,4.55,4.7,4.71,4.78,4.94,5.21,5.52,5.46,5.46,5.53,5.54,5.64,5.7,5.65,5.71,5.86,5.93,6.01,6.23,6.55,6.91,7.19,7.29
Sudan,565,584,607,632,657,682,701,716,731,746,763,784,810,835,864,896,915,935,958,981,1010,1030,1060,1080,1110,1140,1180
Suriname,19.6,20,20.7,21.1,21.5,21.8,22.6,23.5,24.6,26.3,28.1,29.3,30.3,31,31.8,32.8,33.7,34.6,35.6,36.7,37.7,38.9,40.3,41.8,43.2,44.1,45.1
Sweden,2010,1980,1940,1910,1900,1890,1870,1870,1870,1880,1890,1900,1910,1930,1970,1980,1960,1970,1980,1960,1960,1990,1990,1990,1980,2010,2030
Switzerland,2600,2600,2580,2540,2490,2490,2430,2410,2430,2410,2450,2460,2450,2470,2440,2440,2440,2460,2490,2490,2490,2480,2510,2540,2520,2570,2640
Syria,270,276,282,292,303,315,330,346,364,379,393,408,430,449,463,481,513,554,608,652,702,686,671,653,642,636,637
Tajikistan,269,247,226,199,189,176,164,154,145,141,137,139,143,147,151,156,156,156,158,161,168,175,175,175,180,186,191
Tanzania,302,309,320,329,342,349,356,362,370,381,389,402,417,436,456,480,497,514,536,561,590,616,647,679,710,745,781
Thailand,5440,5680,5890,6010,6170,6350,6560,6810,6940,7530,8180,8590,8930,9320,9460,9700,9910,10100,10300,10500,10800,11100,11400,11800,12100,12600,13000
Timor-Leste,22.1,23.1,24.1,25,25.8,26.4,25.5,24.4,23.5,22.6,22.1,22.9,24.2,26,27.5,28.7,30.5,32.3,34.2,36.4,38.8,39.9,40.9,41.6,42.5,43.6,44.3
Togo,72.1,73.9,75.9,78.2,81,83.6,86.3,89.3,93.2,95.3,99.1,102,105,111,113,117,121,126,133,137,142,144,148,152,157,161,166
Tonga,10.2,10.4,10.6,10.8,11.1,11.4,11.4,11.6,11.6,11.8,11.9,12.2,12.5,12.7,13,13.2,13.2,13.2,13.2,13.3,13.4,13.4,13.5,13.6,13.6,13.7,13.9
Trinidad and Tobago,72.6,74.1,76.6,75.4,75.9,77.2,80.5,81.5,85,89.4,91.5,93.8,94.5,95.7,96.6,98.2,101,101,102,105,111,112,113,115,117,118,120
Tunisia,1040,1070,1110,1150,1190,1230,1250,1280,1310,1350,1390,1370,1370,1360,1350,1380,1410,1450,1490,1530,1580,1620,1680,1730,1810,1890,1970
Turkey,12300,12500,12600,12900,13200,13400,13400,13600,13600,14200,14100,14100,14000,14500,14900,15400,15500,15300,15100,16200,16600,16900,17100,17500,17600,17800,18100
Turkmenistan,222,220,220,221,224,224,223,221,212,207,202,198,193,182,179,178,180,185,188,196,206,212,212,216,227,230,235
Uganda,231,241,254,265,272,272,277,280,284,294,303,310,315,324,332,333,335,341,344,346,352,360,369,383,398,415,433
Ukraine,22000,23300,24500,24900,25200,25800,23900,21800,19800,19400,19100,18300,17700,17300,17400,17500,16700,17000,16900,15000,14300,14000,14400,14400,14000,14100,14300
United Arab Emirates,35.3,37.1,38.9,40.7,42.9,45.6,48.1,51.2,53.9,57.1,60.1,62.3,65,68.8,75.2,85.9,96.9,117,138,160,185,206,221,232,245,260,279
United Kingdom,28100,27900,27700,27600,27100,26600,26000,25500,25300,25100,25000,24800,24700,24500,24300,24200,23900,23700,23600,23500,23600,24000,24500,25200,25800,26300,27000
United States,111000,112000,114000,116000,117000,119000,117000,115000,116000,116000,117000,118000,118000,118000,117000,117000,115000,115000,116000,118000,120000,121000,124000,126000,129000,133000,137000
Uruguay,1180,1200,1190,1180,1170,1200,1180,1150,1140,1120,1110,1110,1090,1090,1070,1060,1060,1050,1050,1050,1050,1050,1050,1050,1060,1070,1080
Uzbekistan,1300,1310,1320,1310,1310,1330,1300,1290,1260,1230,1210,1210,1230,1230,1230,1200,1200,1180,1170,1160,1160,1200,1220,1270,1310,1370,1420
Vanuatu,9.23,9.5,9.8,10.1,10.4,10.7,10.9,11.2,11.3,11.4,11.6,11.8,12.1,12.4,12.8,13.2,13.6,13.9,14.3,14.8,15.2,15.5,15.9,16.3,16.8,17.3,17.9
Venezuela,1070,1130,1180,1230,1270,1280,1250,1260,1330,1390,1490,1550,1600,1720,1710,1740,1870,2000,2090,2160,2130,2210,2370,2410,2510,2620,2730
Vietnam,9630,9940,10300,10600,10900,11200,11500,11900,12300,12800,13300,13600,14000,14400,14700,15100,15300,15700,16100,16500,16900,17400,17900,18400,19000,19700,20400
Yemen,274,303,335,373,412,451,469,487,499,512,527,542,559,579,601,629,645,665,689,717,751,776,808,841,878,922,971
Zambia,43.2,46.4,49.5,53.2,57.3,62,67,72.1,78.1,84.7,92.8,101,110,120,128,138,145,152,158,165,173,179,184,189,196,203,210
Zimbabwe,457,436,388,358,338,337,330,325,319,313,316,323,334,333,331,343,351,358,366,371,375,370,365,362,360,360,361
